/*!40101 SET @OLD_CHARACTER_SET_CLIENT=@@CHARACTER_SET_CLIENT */;
/*!40101 SET NAMES utf8 */;
/*!50503 SET NAMES utf8mb4 */;
/*!40014 SET @OLD_FOREIGN_KEY_CHECKS=@@FOREIGN_KEY_CHECKS, FOREIGN_KEY_CHECKS=0 */;
/*!40101 SET @OLD_SQL_MODE=@@SQL_MODE, SQL_MODE='NO_AUTO_VALUE_ON_ZERO' */;

CREATE TABLE IF NOT EXISTS `forum` (
  `id` int(11) NOT NULL AUTO_INCREMENT COMMENT 'ID',
  `created_at` datetime NOT NULL DEFAULT CURRENT_TIMESTAMP COMMENT 'Created at',
  `updated_at` datetime NOT NULL DEFAULT CURRENT_TIMESTAMP ON UPDATE CURRENT_TIMESTAMP COMMENT 'Updated at',
  `left` int(11) NOT NULL COMMENT 'Left key',
  `right` int(11) NOT NULL COMMENT 'Right key',
  `level` int(11) NOT NULL COMMENT 'Level',
  `name` varchar(255) NOT NULL COMMENT 'Name',
  PRIMARY KEY (`id`)
) ENGINE=InnoDB AUTO_INCREMENT=8 DEFAULT CHARSET=utf8 COMMENT='Forums';

/*!40000 ALTER TABLE `forum` DISABLE KEYS */;
INSERT INTO `forum` (`id`, `created_at`, `updated_at`, `left`, `right`, `level`, `name`) VALUES
  (1, '2017-08-02 12:42:12', '2017-12-15 13:03:56', 0, 13, 0, 'Ipsa corporis minima et.'),
  (2, '2017-06-26 15:02:48', '2018-03-19 05:54:08', 1, 8, 1, 'Et quos reiciendis.'),
  (3, '2017-01-06 23:05:52', '2017-10-24 06:10:26', 9, 12, 1, 'Illo debitis dicta ipsam minus harum voluptatem.'),
  (4, '2017-08-19 03:34:54', '2018-05-02 21:39:14', 2, 5, 2, 'Qui tempore aut eum qui.'),
  (5, '2018-03-09 08:54:17', '2018-09-09 18:05:54', 6, 7, 2, 'Inventore veniam eos inventore.'),
  (6, '2018-01-29 01:19:52', '2018-05-17 04:47:21', 3, 4, 3, 'Sint minus quidem id.'),
  (7, '2017-03-18 09:16:06', '2017-10-13 12:54:27', 10, 11, 2, 'Perferendis est aut qui saepe aut iste consequatur.');
/*!40000 ALTER TABLE `forum` ENABLE KEYS */;

CREATE TABLE IF NOT EXISTS `topic` (
  `id` int(11) NOT NULL AUTO_INCREMENT COMMENT 'ID',
  `forum_id` int(11) NOT NULL COMMENT 'Forum',
  `user_id` int(11) NOT NULL COMMENT 'User',
  `created_at` datetime NOT NULL DEFAULT CURRENT_TIMESTAMP COMMENT 'Created at',
  `updated_at` datetime NOT NULL DEFAULT CURRENT_TIMESTAMP ON UPDATE CURRENT_TIMESTAMP COMMENT 'Updated at',
  `name` varchar(255) NOT NULL COMMENT 'Name',
  PRIMARY KEY (`id`),
  KEY `fk_t2f` (`forum_id`),
  KEY `fk_t2u` (`user_id`),
  CONSTRAINT `fk_t2f` FOREIGN KEY (`forum_id`) REFERENCES `forum` (`id`) ON DELETE CASCADE ON UPDATE CASCADE,
  CONSTRAINT `fk_t2u` FOREIGN KEY (`user_id`) REFERENCES `user` (`id`) ON DELETE CASCADE ON UPDATE CASCADE
) ENGINE=InnoDB AUTO_INCREMENT=51 DEFAULT CHARSET=utf8 COMMENT='Topics';

/*!40000 ALTER TABLE `topic` DISABLE KEYS */;
INSERT INTO `topic` (`id`, `forum_id`, `user_id`, `created_at`, `updated_at`, `name`) VALUES
  (1, 1, 6, '2018-06-19 16:19:01', '2018-07-27 07:00:25', 'Sapiente ipsa minima quia inventore.'),
  (2, 5, 3, '2018-01-11 00:02:28', '2018-07-20 05:54:24', 'Velit aut ducimus et nam cumque et fuga laborum.'),
  (3, 4, 8, '2017-08-27 03:41:17', '2017-12-07 14:21:59', 'Alias vel sed ab et est et.'),
  (4, 4, 3, '2017-12-09 09:16:50', '2018-02-10 18:33:45', 'Dolorem illum rerum.'),
  (5, 2, 6, '2017-10-03 04:05:02', '2018-03-21 16:18:00', 'Distinctio excepturi sit consequatur sint doloribus vel porro assumenda sunt.'),
  (6, 2, 6, '2017-05-26 06:45:05', '2018-04-25 04:31:22', 'Qui excepturi sit deserunt facilis reiciendis nostrum sit aut odit.'),
  (7, 1, 4, '2017-12-16 00:38:10', '2018-07-24 18:32:28', 'Dolore dolorem consequatur ullam eaque et nemo recusandae.'),
  (8, 1, 4, '2018-02-17 20:15:37', '2018-08-26 16:44:18', 'Aut aut iusto nobis similique est.'),
  (9, 3, 4, '2017-05-28 05:00:20', '2017-11-27 01:13:56', 'Nihil corporis quas laboriosam libero.'),
  (10, 6, 4, '2017-08-25 01:21:35', '2018-04-16 08:18:05', 'Quaerat et laboriosam inventore consequatur aut aliquid molestiae ut.'),
  (11, 5, 2, '2017-01-03 05:33:35', '2017-11-28 06:33:59', 'Consectetur ipsum fugiat.'),
  (12, 6, 8, '2017-06-01 22:13:01', '2018-05-30 12:43:53', 'Quasi animi quibusdam incidunt officiis doloribus.'),
  (13, 1, 5, '2018-01-11 15:08:45', '2018-07-13 03:06:55', 'Doloremque sint iste provident ratione eum culpa.'),
  (14, 3, 6, '2017-12-28 07:04:57', '2018-02-17 18:20:10', 'Facere et perferendis assumenda voluptas qui amet qui animi.'),
  (15, 3, 6, '2017-01-16 05:14:50', '2017-11-22 11:20:52', 'Occaecati nisi eaque asperiores voluptas.'),
  (16, 4, 10, '2017-04-21 13:48:32', '2017-11-02 22:34:43', 'Quidem excepturi iste.'),
  (17, 6, 7, '2018-08-27 03:34:14', '2018-09-01 05:16:24', 'Debitis ut quia veritatis et dolorum.'),
  (18, 5, 10, '2017-10-27 16:26:57', '2018-04-09 00:12:54', 'Ut quas facilis est.'),
  (19, 6, 9, '2017-04-18 02:40:12', '2017-11-28 19:45:20', 'Ab dolor rerum et.'),
  (20, 2, 1, '2017-09-27 12:28:03', '2017-11-15 18:44:33', 'Aspernatur necessitatibus nostrum non autem ab rerum culpa.'),
  (21, 4, 7, '2017-03-10 01:41:02', '2018-01-15 02:03:14', 'Laudantium aut fugiat sit.'),
  (22, 5, 10, '2018-03-09 22:36:34', '2018-05-24 21:17:55', 'Ut at assumenda esse aut eaque.'),
  (23, 5, 2, '2017-08-07 05:16:12', '2018-07-20 17:02:24', 'Molestias aliquid nemo.'),
  (24, 1, 2, '2017-02-08 12:32:23', '2017-12-08 12:47:40', 'Molestiae unde consequuntur deleniti ratione ut.'),
  (25, 7, 5, '2018-01-01 18:07:24', '2018-02-21 19:56:48', 'Aut unde sed impedit enim vel vitae qui voluptatibus exercitationem.'),
  (26, 5, 7, '2017-03-27 01:51:02', '2017-12-22 14:39:07', 'Eius consequuntur ducimus saepe.'),
  (27, 6, 5, '2018-01-08 10:33:29', '2018-08-31 01:08:33', 'Natus placeat cum facilis repudiandae vero omnis qui nesciunt.'),
  (28, 7, 5, '2017-02-04 09:33:47', '2017-12-18 21:28:02', 'In nihil magni quos est.'),
  (29, 6, 5, '2018-07-18 23:24:12', '2018-07-26 04:17:33', 'Saepe blanditiis aperiam.'),
  (30, 1, 7, '2017-07-17 08:25:43', '2017-11-30 12:27:18', 'Ad nesciunt accusantium.'),
  (31, 7, 1, '2017-10-31 23:49:24', '2017-12-01 22:57:19', 'Id hic quo necessitatibus sed rerum.'),
  (32, 3, 7, '2017-11-11 16:30:52', '2017-11-23 06:13:49', 'Velit ut rerum delectus mollitia ut.'),
  (33, 3, 5, '2018-01-19 08:48:18', '2018-09-30 16:36:56', 'Totam culpa molestiae veniam eos doloremque voluptatem et atque.'),
  (34, 3, 8, '2017-08-01 08:33:03', '2017-12-12 22:51:41', 'Quas provident laborum dolores tenetur in dolores minima quaerat dolore.'),
  (35, 7, 4, '2018-06-27 14:21:23', '2018-08-24 03:42:01', 'Minima velit quod ex officiis labore velit dolores numquam voluptas.'),
  (36, 7, 5, '2017-07-07 13:13:50', '2018-07-03 21:12:50', 'Ut voluptas quia accusamus et quas perspiciatis.'),
  (37, 1, 5, '2017-12-24 03:31:29', '2018-10-01 06:35:38', 'Ut soluta dolorum eos iure totam omnis animi.'),
  (38, 6, 1, '2017-12-02 02:09:16', '2018-04-27 19:07:38', 'Consequatur omnis consequuntur quis doloremque quia commodi aut ut ut.'),
  (39, 7, 2, '2018-01-23 05:03:41', '2018-02-15 23:46:32', 'Fuga aut velit dolorem.'),
  (40, 4, 9, '2017-01-09 04:02:23', '2017-11-05 21:00:38', 'Provident deserunt voluptatem quam maiores voluptatem vero veritatis sit.'),
  (41, 2, 4, '2017-10-03 09:41:22', '2018-05-01 01:44:56', 'Aliquam eius et.'),
  (42, 1, 1, '2017-10-04 19:58:58', '2018-04-11 18:35:37', 'Et excepturi quae commodi aut quibusdam dolores consequatur.'),
  (43, 6, 3, '2017-12-19 01:34:55', '2018-09-20 23:27:51', 'Sint unde veritatis quam.'),
  (44, 5, 7, '2018-01-23 16:57:29', '2018-03-19 19:57:51', 'Alias necessitatibus dolores.'),
  (45, 2, 1, '2017-05-23 18:01:04', '2017-11-02 16:40:40', 'Sed et eos saepe.'),
  (46, 7, 9, '2017-10-11 05:57:27', '2018-01-06 22:34:49', 'Qui id consequatur facere qui fugiat.'),
  (47, 2, 4, '2017-05-23 21:13:09', '2018-03-12 02:33:23', 'Error temporibus et consequatur vero.'),
  (48, 4, 8, '2017-12-16 16:18:16', '2018-03-26 22:28:20', 'Aut iste esse voluptas quibusdam fugiat iure cum.'),
  (49, 1, 9, '2017-10-17 03:23:40', '2018-03-19 10:51:13', 'Et cum mollitia explicabo quia cum architecto quo nulla.'),
  (50, 6, 2, '2017-03-04 04:21:52', '2018-01-02 05:39:25', 'Veritatis eos doloribus in sit cupiditate.');
/*!40000 ALTER TABLE `topic` ENABLE KEYS */;

CREATE TABLE IF NOT EXISTS `topic_message` (
  `id` int(11) NOT NULL AUTO_INCREMENT COMMENT 'ID',
  `topic_id` int(11) NOT NULL COMMENT 'Topic',
  `user_id` int(11) NOT NULL COMMENT 'User',
  `created_at` datetime NOT NULL DEFAULT CURRENT_TIMESTAMP COMMENT 'Created at',
  `updated_at` datetime NOT NULL DEFAULT CURRENT_TIMESTAMP ON UPDATE CURRENT_TIMESTAMP COMMENT 'Updated at',
  `message` text NOT NULL COMMENT 'Message',
  PRIMARY KEY (`id`),
  KEY `fk_tm2t` (`topic_id`),
  KEY `fk_tm2u` (`user_id`),
  CONSTRAINT `fk_tm2t` FOREIGN KEY (`topic_id`) REFERENCES `topic` (`id`) ON DELETE CASCADE ON UPDATE CASCADE,
  CONSTRAINT `fk_tm2u` FOREIGN KEY (`user_id`) REFERENCES `user` (`id`) ON DELETE CASCADE ON UPDATE CASCADE
) ENGINE=InnoDB AUTO_INCREMENT=142 DEFAULT CHARSET=utf8 COMMENT='Messages';

/*!40000 ALTER TABLE `topic_message` DISABLE KEYS */;
INSERT INTO `topic_message` (`id`, `topic_id`, `user_id`, `created_at`, `updated_at`, `message`) VALUES
  (1, 1, 9, '2018-05-25 03:15:57', '2018-07-27 17:06:54', 'Atque cupiditate sint. Ut autem aut sint hic ea numquam omnis enim. Hic quibusdam rem blanditiis asperiores voluptas et.'),
  (2, 3, 9, '2018-02-18 06:39:24', '2018-08-23 02:01:34', 'Omnis nam a aut reiciendis dignissimos quasi ea. Voluptatum ut id repudiandae quis aut eum itaque.'),
  (3, 3, 1, '2017-07-24 23:54:06', '2018-03-14 13:02:50', 'Rerum amet voluptatum ipsam autem doloribus. Molestiae odit ut dicta. Corporis soluta dolores. Earum odit autem voluptas commodi ipsam ratione placeat. Nisi dolor quos quis velit quam rerum.'),
  (4, 3, 10, '2017-11-18 02:03:03', '2018-03-28 20:27:34', 'Perspiciatis iure omnis laborum soluta optio id asperiores magni sunt. Fugit quasi eos. Repellat eius quia natus repellat quos. Corrupti placeat et eum voluptatem praesentium eos provident sit iste. Non ipsam eum. Perspiciatis et ut quo.'),
  (5, 3, 2, '2016-12-19 19:17:14', '2017-11-30 16:08:50', 'Accusantium fuga consectetur eligendi possimus neque. Non necessitatibus nisi quidem officiis et sapiente suscipit aliquid. Facilis recusandae voluptatem velit in nostrum numquam. Asperiores aut consequatur dolor sit. Reprehenderit dolorem rerum magni placeat est accusantium voluptas quis nemo. Nam porro voluptas ab qui.'),
  (6, 3, 10, '2017-10-19 06:26:25', '2017-12-21 02:35:23', 'Ratione impedit consequatur facere dolorem distinctio. Perferendis reiciendis architecto eligendi quo. Ullam fugit quis atque eos id nesciunt atque excepturi. Molestiae est placeat eveniet consectetur non harum aut.'),
  (7, 3, 10, '2017-11-13 02:27:03', '2018-08-05 09:37:50', 'Nostrum ipsa rerum debitis. Accusamus exercitationem quia est omnis dolorum voluptates ut eius sit. Dolorem optio minus nulla maiores aliquam.'),
  (8, 3, 10, '2017-09-30 01:46:42', '2018-05-30 04:09:17', 'Ea consequatur adipisci ut et quia amet voluptatem incidunt facilis. Est et nihil beatae.'),
  (9, 3, 2, '2017-07-23 00:39:34', '2018-03-26 04:47:25', 'Nemo voluptates autem labore. Voluptatem in ducimus illo provident et eos. Assumenda hic necessitatibus maxime recusandae quia voluptatem alias pariatur. Ea vero harum. Non dolorem aspernatur natus inventore. Molestiae nihil aut necessitatibus.'),
  (10, 3, 7, '2017-05-28 22:53:26', '2018-05-15 12:33:36', 'Distinctio odit et autem. Voluptas eaque enim maiores dolores rem. Eius eum dolore omnis voluptates harum modi consequatur amet harum. Reiciendis voluptatem saepe sit facere saepe. Quod nihil veniam cumque rem vero officia soluta. Iste id excepturi magnam et.'),
  (11, 4, 9, '2017-10-11 15:10:05', '2018-04-13 05:40:57', 'Omnis porro nesciunt quia earum omnis. Quidem aliquam laboriosam. Non reprehenderit odit dolorum aperiam aliquid corrupti et tenetur possimus. Provident nihil quam esse exercitationem dolorem voluptas sed animi. Ut libero aliquid neque provident perspiciatis.'),
  (12, 4, 4, '2017-12-26 17:53:31', '2018-10-08 09:12:58', 'Non tempora quidem et et culpa esse. Et non dolore dolor maxime. Iure et dolorum. Porro repellendus minima quos nobis culpa id ratione.'),
  (13, 6, 2, '2017-08-20 03:34:19', '2018-02-03 11:06:35', 'Quis harum ut quo qui quia rerum itaque suscipit. Qui est necessitatibus dignissimos. Error mollitia suscipit pariatur aut reiciendis facere neque consequatur minus. Quasi quisquam saepe explicabo. Eius reiciendis nemo quos in modi quis.'),
  (14, 6, 8, '2018-01-02 10:32:55', '2018-09-28 06:04:09', 'Nulla quas eum et vero. Sit quia ea culpa harum culpa dolor nihil. Et aperiam doloribus. Voluptatum fugiat similique recusandae dolores voluptas voluptatum molestias voluptatibus. Deleniti ipsa sunt enim omnis consectetur qui exercitationem aspernatur explicabo.'),
  (15, 6, 9, '2017-09-14 16:45:29', '2018-02-08 23:38:14', 'Ullam magnam molestiae sit ipsam quia. Sint laboriosam qui. Qui eaque aperiam fugit voluptatem quaerat veritatis. Praesentium minus omnis aut eum. Assumenda maiores accusantium non itaque velit ut mollitia. Ad ut molestiae at aut in vitae et aliquid.'),
  (16, 6, 8, '2018-07-25 21:27:12', '2018-07-26 01:57:26', 'Consequuntur voluptatem aliquam necessitatibus omnis. Placeat voluptatem sunt fuga adipisci aperiam. Hic nulla omnis aut consequatur omnis mollitia commodi et.'),
  (17, 6, 9, '2017-06-01 16:14:34', '2018-02-02 08:11:03', 'Et quia inventore veritatis voluptatibus. Consequatur excepturi ut temporibus omnis officiis totam et repellat veniam. Ea est iusto eius est tempore velit. Ratione sed consequatur in nihil est. Sit iste neque nihil non et atque officiis autem.'),
  (18, 6, 6, '2017-06-29 19:55:05', '2017-11-22 15:51:05', 'Quasi quae libero cum. Sapiente ut dignissimos voluptatem tempora maxime.'),
  (19, 6, 8, '2017-05-05 09:06:16', '2018-04-05 19:42:41', 'Illum voluptate facilis enim at ut exercitationem. Quod incidunt facere et porro sed et nam culpa est.'),
  (20, 6, 3, '2017-09-04 18:22:02', '2018-07-03 23:12:27', 'Quae deleniti tempora nostrum. Architecto commodi neque corrupti asperiores repudiandae. Optio totam amet aut eaque ut excepturi.'),
  (21, 6, 3, '2017-04-07 18:06:59', '2018-04-07 11:55:10', 'Autem accusamus sunt rerum. Placeat laborum ab id. Incidunt enim quia ea error deserunt. Fugit dolor voluptatibus asperiores voluptate magnam non enim.'),
  (22, 8, 3, '2017-05-02 21:50:27', '2018-03-19 23:39:19', 'Facere numquam cupiditate asperiores autem est quod pariatur voluptas at. Delectus doloribus dolore sed dolorem ex qui voluptatibus amet dolores. Sit vel exercitationem debitis repudiandae aperiam. Placeat aperiam eos optio dolore sed magni sunt id. Itaque ipsa sit similique. Expedita temporibus at vitae provident magnam.'),
  (23, 8, 6, '2018-03-15 09:15:03', '2018-05-10 21:10:21', 'Praesentium molestias quia eius id rerum est. Quis cupiditate sunt rerum omnis. Delectus dolorem dolore et harum molestiae. Aut consectetur ut quia voluptatem error ea. Et dolor magnam sed maiores mollitia vitae error.'),
  (24, 9, 8, '2018-03-07 18:09:04', '2018-03-26 02:29:01', 'Dignissimos beatae necessitatibus magnam aut non velit consectetur similique. Nobis non quaerat fugit.'),
  (25, 9, 1, '2017-07-09 06:06:48', '2018-02-23 02:14:32', 'Rerum ut consequuntur nostrum molestiae enim vitae rem sint. Eos quia tempore nostrum est. Enim deserunt aliquam maiores laboriosam iure.'),
  (26, 9, 3, '2017-01-20 02:16:34', '2018-01-11 18:40:37', 'Ducimus exercitationem qui magni distinctio perferendis quaerat voluptas enim voluptate. Ut quasi placeat. Labore sunt dolore enim ut expedita fuga debitis. Aspernatur culpa voluptatem et est dolores aspernatur cupiditate occaecati dolorem. Quae aut ea saepe praesentium qui. Provident voluptates sunt qui.'),
  (27, 9, 9, '2018-06-26 10:55:41', '2018-07-10 14:56:47', 'Ut adipisci et incidunt consequatur cupiditate distinctio impedit. Fugit sapiente expedita sunt ea temporibus eveniet.'),
  (28, 9, 6, '2017-05-27 12:26:59', '2018-05-20 16:40:08', 'Nemo eum tempora sint id vitae dolores. Eum nihil sed voluptatem deleniti fugit at est et. Non ut recusandae omnis.'),
  (29, 9, 3, '2017-09-23 15:13:35', '2018-08-19 02:37:04', 'Non soluta voluptates impedit. Fuga dolores eligendi nihil aliquid quidem a. Molestiae vel dolores ullam assumenda. Ea quaerat quis. Sapiente aut ea ut cumque consequatur reiciendis dolorum ad non.'),
  (30, 9, 5, '2016-12-06 14:19:27', '2017-12-02 13:37:28', 'Quos quibusdam saepe id dignissimos et. Quidem itaque repellendus nesciunt saepe aut vel quia et id.'),
  (31, 10, 5, '2017-08-31 07:51:47', '2017-12-17 03:32:10', 'Libero corporis est. Molestias excepturi dolores recusandae sit velit quia. A repellendus magni sit id sed. Ipsa nemo neque neque id quia aut tempora vero.'),
  (32, 11, 3, '2017-09-23 05:01:48', '2018-03-10 13:04:42', 'At commodi dolores et nobis. Et expedita error quibusdam ab enim aut doloribus quo. Quo sit ea occaecati sit rem velit ipsam voluptatem. Sit aut qui molestiae qui perferendis qui omnis excepturi velit.'),
  (33, 11, 9, '2018-03-19 10:22:42', '2018-06-22 19:02:08', 'Veritatis sit quod occaecati quasi rem vero tempore similique. Aspernatur maiores nisi voluptate aut voluptatem. Error rem officiis quas.'),
  (34, 12, 8, '2017-04-26 20:43:57', '2018-01-10 05:57:41', 'Aut necessitatibus aut doloribus voluptatibus minus corporis nisi repellendus. Eos quisquam reiciendis ad consequuntur illum. Quidem temporibus corporis quis nemo delectus veniam excepturi nisi.'),
  (35, 12, 9, '2017-06-21 16:43:55', '2018-04-14 21:21:42', 'Molestias fugiat ut non iure ea. Cum et consectetur nemo ut minus incidunt. Aut debitis quod qui veritatis rem dolores optio totam.'),
  (36, 12, 6, '2017-09-08 19:52:55', '2017-10-21 16:00:21', 'Ut aut sint deleniti natus earum odio qui qui natus. Expedita dolor dolores amet fugiat error distinctio vel ullam maxime. Vel quaerat expedita temporibus qui perspiciatis ullam. Qui culpa dolor est laborum molestiae alias omnis beatae.'),
  (37, 12, 9, '2017-12-04 12:41:06', '2018-06-10 12:18:06', 'Dignissimos dolores quia dolor sequi eos repudiandae aut corrupti. Numquam et quas sapiente vero delectus dolor aut fugit architecto. Odio tempore quidem. Rerum quia unde tempore.'),
  (38, 15, 3, '2018-06-03 12:49:04', '2018-10-08 01:50:20', 'Nostrum et quod. Recusandae ut ab sed dignissimos aperiam impedit harum. Deleniti ea molestiae nulla laboriosam laborum rem. Perspiciatis quas dolor consequatur harum laudantium nesciunt.'),
  (39, 15, 2, '2018-01-21 17:40:55', '2018-02-06 03:18:37', 'Dolor atque labore tempora. Similique asperiores quaerat ipsa. Nisi facere eaque qui. Facere soluta excepturi distinctio libero nesciunt. Ipsa ut voluptas et odio quibusdam nam. Eligendi nihil qui cum nemo incidunt alias et et dolor.'),
  (40, 15, 10, '2017-06-03 16:07:50', '2018-04-01 18:35:35', 'Repellendus neque sunt autem reiciendis perspiciatis quia dolor. Eaque et libero. Suscipit et ut distinctio voluptatem praesentium sit officia rerum quidem. Culpa et aut sit rerum. Dolorum a illum in. Facilis deserunt vero eaque sit ut consequuntur.'),
  (41, 15, 10, '2018-04-27 20:59:07', '2018-08-17 16:59:36', 'Optio optio exercitationem ipsa atque nulla sequi. In provident et voluptatem accusantium autem corrupti laudantium maiores. Debitis ab molestiae. Placeat rerum cum eaque quidem libero deserunt adipisci qui est. Sequi accusamus commodi minima sed voluptatibus inventore cum voluptate dolorem.'),
  (42, 15, 4, '2018-07-09 22:40:03', '2018-08-14 10:11:50', 'Fugit rerum velit recusandae id vero natus et excepturi sit. Eveniet eos ex et rerum delectus atque. Reprehenderit velit inventore ipsam cumque quis assumenda in dolorem voluptas. Enim nemo ut tenetur qui autem iusto ut. Voluptas occaecati voluptatum.'),
  (43, 15, 6, '2017-07-14 16:29:05', '2017-12-10 17:23:40', 'Facere qui et provident hic enim repellat dolorem. Voluptates unde illum. Qui totam architecto iure beatae suscipit voluptatem ea et. Et officiis explicabo quidem animi. Incidunt aut necessitatibus dolore consectetur occaecati id aperiam. Ducimus minima rerum et voluptate fugit magnam est earum.'),
  (44, 15, 9, '2017-07-18 18:43:55', '2018-01-22 06:21:26', 'Sapiente veritatis eos amet dolores iusto. Quo dolor repellat sint reprehenderit qui blanditiis voluptatem eos. Est quos voluptas. Hic omnis aut possimus vero minus animi et iusto. Porro voluptas consequatur.'),
  (45, 15, 2, '2017-03-31 16:15:03', '2017-12-23 20:11:50', 'Non odit sit sit ea aliquam ducimus. Natus iste maiores rem.'),
  (46, 15, 10, '2016-12-16 12:18:46', '2017-11-27 00:16:46', 'Odit vitae excepturi. Pariatur fugit autem. Fugiat tempora voluptatem sit deleniti ad alias in. Magnam odio quia molestiae. Ipsum libero et dolorem rem ut ex voluptas. Suscipit necessitatibus consequatur quia sint.'),
  (47, 15, 7, '2017-03-04 09:52:13', '2018-02-15 09:12:40', 'Voluptatem similique et. Ab hic reiciendis in quia accusamus harum molestiae minus.'),
  (48, 16, 8, '2017-09-16 06:10:30', '2018-01-08 08:23:05', 'Esse non saepe sed ut impedit qui quis. Dolorem culpa aut et est unde similique et vero facere. Dolor libero voluptatibus dolor quas. Odio perspiciatis quia officiis nemo.'),
  (49, 16, 2, '2017-03-18 19:52:28', '2018-03-12 10:33:42', 'Quas quos distinctio ut. Laborum aliquid voluptatem minima expedita minus eum rerum hic. Quisquam explicabo nihil atque porro labore eum cupiditate sed libero.'),
  (50, 18, 3, '2017-03-09 10:36:40', '2017-12-14 01:10:55', 'Perspiciatis earum quia asperiores et aperiam quia. Sequi commodi repudiandae harum incidunt nostrum est est dolorem. Quod totam aut iure. Tempora voluptates qui.'),
  (51, 18, 10, '2018-04-02 12:42:59', '2018-05-30 13:05:44', 'Beatae reprehenderit deleniti nobis quos distinctio cupiditate delectus adipisci. Consequatur itaque voluptas distinctio et atque. Consectetur nisi autem consectetur maxime nostrum dolor. Iusto recusandae labore ipsam doloribus nam repudiandae sit reprehenderit.'),
  (52, 18, 8, '2018-06-27 18:45:49', '2018-07-12 12:18:30', 'Aut aliquam animi voluptatem quia nobis. Quae est autem minus vitae rerum. Est vel eos eveniet voluptatem ipsum atque sapiente. Architecto qui eos non soluta et vero molestiae eius. A corrupti inventore at sed consequatur quo.'),
  (53, 18, 7, '2017-12-27 20:18:06', '2018-05-11 00:57:40', 'Quam fugiat vel voluptates molestiae. Illum temporibus veniam natus rerum facere dolor molestiae. Quia rerum itaque corporis est similique itaque ut architecto.'),
  (54, 18, 5, '2017-07-12 13:41:58', '2018-04-05 18:11:20', 'Sequi est ut at tempora cum quia aut debitis. Sit quidem distinctio dolore debitis est omnis voluptatibus maiores. Quam quia quisquam voluptatem ex est aut. Omnis omnis sit sed corrupti ex ab. Sit fuga et voluptatem impedit qui consequatur officiis. Dignissimos dolores est sapiente aliquam hic sequi.'),
  (55, 18, 2, '2018-03-23 01:29:37', '2018-08-25 15:21:54', 'Laborum et excepturi adipisci voluptas rem delectus consequatur dolor. Molestiae accusamus consequatur autem.'),
  (56, 18, 10, '2017-02-11 19:42:58', '2017-12-23 03:19:10', 'Vel possimus quasi rerum sint. Quae exercitationem earum distinctio quaerat. Quae maiores nihil commodi vero vero tempora cumque rem.'),
  (57, 18, 2, '2017-09-16 12:56:51', '2018-02-20 05:23:54', 'Iure rerum laborum temporibus saepe. Consequatur eveniet voluptate voluptas cumque accusamus ratione exercitationem qui sit. Omnis et sed nemo accusamus ut. Quasi quia aliquam accusamus ipsum aut. Dolorem qui dolores quia aperiam qui modi. Iusto quia eaque ex ut nulla iure assumenda.'),
  (58, 19, 2, '2017-08-28 17:01:00', '2018-03-11 20:24:55', 'Culpa et animi fuga. Numquam totam sed nostrum maxime quo eius mollitia ut. Soluta vel adipisci. Quia aut impedit. Ut voluptatem aperiam. Earum voluptatem est similique voluptatem.'),
  (59, 21, 2, '2018-07-19 02:13:08', '2018-09-05 20:00:47', 'Soluta enim ullam a. Sint voluptatem alias tempora eum explicabo. Dolores non totam autem veniam voluptatem sequi minima quo repellat. Hic dignissimos sed expedita reiciendis in.'),
  (60, 21, 6, '2017-03-27 21:59:41', '2018-03-23 04:48:06', 'Sapiente quas itaque sapiente veritatis ipsam optio laborum voluptatibus commodi. Perferendis molestiae porro reprehenderit nisi. Harum debitis dolores omnis facere perferendis commodi voluptate quo cum. Nostrum saepe hic quia et eius sit quam placeat occaecati.'),
  (61, 21, 9, '2018-01-17 08:08:00', '2018-05-05 01:02:12', 'Rerum est mollitia. Porro nam molestias. Excepturi illo maiores officia.'),
  (62, 21, 2, '2017-03-24 08:44:56', '2017-12-04 09:06:33', 'Cumque repudiandae rerum mollitia voluptate et pariatur eveniet. Aut reiciendis ullam esse omnis eos. Earum accusamus error voluptas porro magni unde culpa eum minus. Modi non porro voluptas id est odio et incidunt. Voluptatem vero culpa et alias. Et qui provident et iste commodi architecto nulla repellat.'),
  (63, 21, 3, '2017-11-26 11:07:05', '2018-09-08 18:03:25', 'Cum et animi quaerat maxime sint eum. Aspernatur ab architecto perspiciatis delectus esse vero illum. Sed voluptatum libero ab doloribus numquam cum. Vel non voluptates ut rerum eum vel aspernatur. Exercitationem nisi sint sint delectus in natus voluptate. Aliquid eligendi beatae ea odit ut fugiat illum reiciendis et.'),
  (64, 21, 7, '2018-02-02 21:50:52', '2018-07-17 02:26:07', 'Illo consequatur et aut veniam quasi eos officia. Et molestiae et.'),
  (65, 21, 7, '2018-02-20 13:57:06', '2018-03-05 00:32:27', 'Id quibusdam et debitis aspernatur nobis accusamus sit excepturi nulla. Nostrum iste id consequatur temporibus soluta. Odio et quidem molestiae necessitatibus pariatur. Assumenda dolore eum quas voluptas enim. Facere veniam magni.'),
  (66, 21, 1, '2017-06-17 09:50:29', '2017-10-28 00:23:12', 'Itaque eveniet excepturi non unde ex minus ea vel officiis. Non enim quia iusto qui eos sequi. Voluptatem totam perferendis. Ut nostrum ab eveniet dicta similique officiis. Cum quasi tenetur placeat possimus sunt consequatur voluptas. Cupiditate eos beatae.'),
  (67, 23, 9, '2017-05-24 15:10:53', '2018-04-24 19:52:05', 'Consequuntur pariatur earum rerum sunt. Excepturi ut sed molestiae consequuntur consequatur. Quaerat velit eum commodi.'),
  (68, 23, 6, '2017-06-30 21:54:06', '2017-11-23 02:48:51', 'Et unde dolore facere accusamus nihil sed minima. Molestiae aut veniam quisquam aut. Esse voluptatibus soluta ea odio rerum aliquam magnam sunt. Voluptas reprehenderit ut eum dolores. Cum exercitationem nulla et illo omnis reprehenderit molestiae dolores. Quia consequatur tenetur in perspiciatis impedit maxime beatae rerum.'),
  (69, 24, 5, '2017-12-05 12:36:59', '2018-06-04 04:27:23', 'Odio architecto suscipit aperiam provident. Dignissimos est dolorem sed suscipit eos veritatis. Nihil vitae labore at id. A non recusandae culpa. Corrupti provident iste asperiores voluptatem possimus aut at autem qui. Fugit culpa ipsam assumenda id illo atque.'),
  (70, 24, 4, '2017-05-15 17:10:01', '2018-01-18 05:52:26', 'Praesentium id dignissimos tempora dolor sit. Voluptas quia nihil laborum nemo rerum expedita. Voluptatem deleniti eum sed qui.'),
  (71, 24, 9, '2017-09-09 13:32:23', '2017-12-30 19:00:02', 'Quos nostrum voluptas nisi sed sequi quis maxime. Accusamus laboriosam ab dolore nobis illo maiores enim. Veniam est omnis aut aut quos. Laborum praesentium quaerat cum maiores omnis sapiente rerum sint omnis.'),
  (72, 25, 9, '2017-03-26 03:12:05', '2018-03-25 18:27:49', 'Ullam adipisci molestiae assumenda autem rem sapiente. Iusto sint non molestiae et dolore vel quo tempore. Necessitatibus aut voluptatem eligendi delectus ipsa temporibus. Qui deleniti aliquid quas distinctio quia nisi corrupti harum qui. Non aperiam esse quibusdam ducimus porro minus.'),
  (73, 27, 5, '2017-07-05 10:40:15', '2018-03-07 01:35:44', 'Asperiores veniam impedit sit autem et et soluta qui. Est exercitationem non. Mollitia voluptate consequatur in blanditiis praesentium. Omnis voluptas optio minima qui error ut. Provident dolorum itaque quo totam laboriosam suscipit non dicta. Id voluptatem sunt hic quae velit rerum est.'),
  (74, 27, 10, '2017-10-26 03:07:51', '2018-04-16 01:03:42', 'Eius nihil laudantium ut facere earum quidem minus. Aut delectus totam qui sequi veritatis.'),
  (75, 27, 2, '2018-03-23 07:25:44', '2018-04-24 08:42:33', 'Reprehenderit omnis enim laboriosam perferendis voluptate aliquid. Error enim tempora voluptatem voluptatem reiciendis repudiandae nisi quia rem. Sit et cupiditate.'),
  (76, 27, 7, '2017-02-17 00:30:26', '2017-11-03 00:36:21', 'Architecto voluptates dolorum consequatur nam cum veniam velit quam. Praesentium veniam officiis. Et accusamus in aspernatur in suscipit repudiandae omnis. Nulla iusto consequatur. Soluta ratione temporibus possimus libero iusto aut dolor architecto. Ipsa unde quia esse a eos omnis labore enim.'),
  (77, 28, 6, '2018-01-27 19:59:35', '2018-03-24 10:14:34', 'Molestiae quos tempora ut expedita quidem quia. Molestiae esse dolores.'),
  (78, 29, 8, '2017-12-12 10:16:06', '2018-08-27 12:37:12', 'Est ut ipsum sit aliquid velit similique eveniet minima. Necessitatibus cum blanditiis aut sequi omnis id adipisci eos. Perferendis ullam ut reiciendis mollitia nobis ipsam. Rerum quaerat recusandae quis.'),
  (79, 29, 9, '2017-11-24 18:21:58', '2017-12-25 17:04:36', 'Dolore est voluptate nesciunt perferendis rerum repellendus. Incidunt voluptas velit. Placeat nobis facilis et sit atque et. Quam asperiores autem.'),
  (80, 30, 1, '2017-12-20 09:21:43', '2018-08-10 00:16:01', 'Illo consequuntur vel. Et itaque labore esse ut sint enim nihil adipisci quibusdam. Dolor nemo labore adipisci aliquid. Tempora quos aut nulla quia et impedit iure recusandae ullam. Ut tempore id recusandae deleniti.'),
  (81, 30, 4, '2017-12-29 03:38:40', '2018-01-11 17:35:33', 'Aut recusandae delectus totam ut dolor. Ut repellat vel nesciunt qui sit ducimus. Voluptate nulla quaerat molestiae et ut rerum.'),
  (82, 30, 3, '2018-01-04 22:46:23', '2018-06-13 17:28:39', 'Possimus iusto vitae velit eum aspernatur ut possimus totam sequi. Et modi et sunt dolorum impedit ut molestias blanditiis mollitia. Vero eligendi praesentium quia aut a quia. Nemo recusandae consequuntur unde nemo et rem occaecati ut sequi. Doloremque dolor expedita cupiditate sit id. Ut veniam qui doloremque quia vel.'),
  (83, 30, 9, '2017-05-12 09:14:34', '2018-02-24 12:47:33', 'Earum dolores magnam velit quos qui. Sint numquam consectetur rerum neque consequatur exercitationem fugiat. Nihil at voluptas neque similique. Non iste suscipit quis.'),
  (84, 30, 8, '2017-12-23 14:31:41', '2018-06-06 20:59:22', 'Expedita ut id alias quibusdam velit totam. Eum sit doloremque suscipit et dolorem accusamus est. Quaerat necessitatibus eos iusto expedita quia totam commodi totam est. Qui odit necessitatibus maxime rerum aut asperiores nihil adipisci. Sed repudiandae sunt. Officia amet molestiae est nihil consectetur odio blanditiis sed nobis.'),
  (85, 30, 3, '2017-05-29 06:21:31', '2017-10-28 19:14:15', 'Ab ut labore. Pariatur nisi vel esse odio. Dolorem inventore magnam et illo nemo. Velit rerum ex odio aut. Aut consequatur fugit libero quam est cumque voluptas sed rerum. Accusamus excepturi ratione tempora dolores quo vero enim.'),
  (86, 30, 7, '2017-06-03 11:54:07', '2018-06-01 15:44:52', 'Ratione atque temporibus qui est ratione. Repellat et velit in consectetur ab quasi. Ducimus perferendis aliquam voluptas cupiditate. Fugiat asperiores itaque ratione voluptas tempore qui suscipit. Perspiciatis eum quis minima hic non. Excepturi libero facilis harum cum error.'),
  (87, 31, 7, '2017-10-03 22:51:54', '2018-07-17 05:37:45', 'Et aut quo veritatis fugiat dolorem ea et. Quia vitae aliquid eos et. Voluptas molestias atque voluptatem in aliquid ex aut voluptatem. Et eum et totam.'),
  (88, 31, 3, '2017-09-17 02:04:08', '2018-01-04 15:10:08', 'Deserunt voluptatem nobis. Quam vitae rerum nihil pariatur sunt doloribus. Facilis unde necessitatibus provident hic. Quas debitis aspernatur cum sunt soluta voluptas incidunt aliquid.'),
  (89, 32, 4, '2017-07-09 03:05:15', '2018-01-10 22:44:37', 'Rerum recusandae deleniti et porro et itaque. Explicabo aut hic nisi. Omnis laudantium quis rem natus nostrum beatae unde. Culpa vero nulla.'),
  (90, 32, 8, '2018-02-18 15:27:37', '2018-09-29 02:40:48', 'Blanditiis quae est aut non. Exercitationem rerum ipsam expedita esse aut. Et consequatur et mollitia quia.'),
  (91, 33, 6, '2017-09-18 14:28:43', '2018-04-19 09:39:10', 'Quae eveniet vel quod alias saepe veritatis et. Ut ut modi ut praesentium nihil laborum fugiat eveniet laboriosam. Et ipsa officia rerum accusamus minima aperiam distinctio a. Quia voluptatem quis in consectetur praesentium quia voluptate. Ut dolorem omnis cupiditate quasi illum quia unde occaecati. Libero totam aliquam repellendus.'),
  (92, 33, 3, '2017-12-04 09:51:39', '2018-06-10 14:02:24', 'Molestiae error vel est voluptatem. Nisi dolor nisi debitis et maiores. Ex veniam aliquam voluptatem.'),
  (93, 33, 1, '2018-01-05 13:33:19', '2018-01-27 04:03:16', 'Et cum non non laborum perferendis illum beatae ut. Omnis fugit eum vel et quidem distinctio. Sequi consequatur facilis nesciunt iure. Provident eaque amet ipsa. Alias omnis tempore enim.'),
  (94, 33, 3, '2017-09-13 16:20:53', '2018-05-12 14:32:32', 'Quam et maxime soluta vel ab aut. Est suscipit sit amet delectus sunt laboriosam distinctio. Eius consequatur consequuntur rerum. Debitis enim est exercitationem doloribus aspernatur. Eveniet quis voluptatibus omnis placeat saepe molestiae ut quo.'),
  (95, 33, 7, '2017-04-22 03:53:45', '2017-11-09 19:32:18', 'Quasi distinctio cupiditate est velit ipsam. Dolores autem sed corporis esse eius ut cum cumque. Excepturi voluptatum ab. Aut aut sapiente architecto aperiam voluptas mollitia voluptatum. Ut numquam at ad fugiat dolorum sunt adipisci tenetur beatae.'),
  (96, 33, 6, '2017-12-09 06:40:28', '2018-01-04 20:59:24', 'Qui repudiandae et et minima omnis modi velit dolores. Qui esse eum. Consequatur tempore id.'),
  (97, 33, 1, '2017-08-23 08:18:18', '2018-05-11 03:38:50', 'Quia rerum et laborum accusantium corporis. Quia magni dolorum eius reprehenderit est voluptas ab laborum. Maiores omnis facilis non molestias sit voluptas laborum quibusdam. Beatae saepe sit. Tempore quo sequi a et explicabo consequatur pariatur architecto. Rerum itaque perspiciatis qui nulla non voluptas libero tempore a.'),
  (98, 34, 1, '2018-01-23 20:36:03', '2018-07-21 10:03:54', 'Recusandae itaque saepe. Voluptate est tempora. Cum voluptatibus harum illum officiis eius consequatur cum ex. Sequi ut nobis ab sit sapiente repellat rerum inventore. Placeat enim fugiat animi minima praesentium.'),
  (99, 36, 10, '2018-02-23 10:07:28', '2018-07-11 04:01:26', 'Culpa earum sequi aperiam consequatur quibusdam laboriosam sunt qui. Et voluptas nesciunt.'),
  (100, 36, 1, '2018-04-11 22:36:16', '2018-10-02 13:14:56', 'Qui quos facere at ea aut nostrum. Enim maiores inventore repudiandae ipsam enim. Alias tempore eos perferendis.'),
  (101, 36, 2, '2016-12-21 15:06:18', '2017-12-07 20:22:32', 'Non corporis atque ut doloremque at eum est iusto. Eius voluptas ab voluptatibus natus autem. Provident laudantium neque nam ut vitae odio magnam. Ea molestias earum debitis. Nam eveniet maxime cupiditate sunt. Voluptatem ad molestiae accusamus quia et voluptatem.'),
  (102, 36, 2, '2017-11-10 23:34:03', '2017-12-06 15:57:20', 'Nulla ratione ex facilis repellendus autem voluptatem. Labore explicabo unde quis minus hic aut cum. Doloribus repellat quia quisquam tenetur velit et voluptates iusto. Est ut molestias omnis ipsum fugiat blanditiis. Sed qui est ut earum.'),
  (103, 36, 9, '2017-07-03 11:21:06', '2018-03-15 14:39:39', 'Nobis alias reiciendis quo aut nemo eius. Consequatur illo similique placeat. Quo blanditiis voluptatum est voluptates quibusdam magni. Rerum modi ut esse voluptas rem aut nam. Cum et vero a illo pariatur delectus. Aut sunt iusto non optio facere consequatur est autem.'),
  (104, 36, 3, '2017-11-14 02:44:35', '2018-03-21 23:44:06', 'Repellendus cumque laborum. Accusamus quasi eaque vero. Consequatur culpa reiciendis necessitatibus nesciunt error aut unde qui. Molestias consequatur cupiditate laboriosam molestiae eum quis nulla.'),
  (105, 36, 7, '2017-12-07 12:20:54', '2018-05-03 09:43:30', 'Voluptatem cum at voluptatem. Nisi aut culpa. Aperiam eum iure minima. Ex optio in ut sint sit sed dignissimos. Sunt doloribus aliquid alias amet architecto quas.'),
  (106, 36, 3, '2017-10-10 10:35:36', '2017-12-26 16:15:00', 'Doloribus consequatur et molestiae aliquam distinctio omnis consequuntur sit. Odit aut aut suscipit rerum eum. Voluptas pariatur facere quae corrupti explicabo ut optio omnis nihil. Qui ea dolorum perferendis vel tempore.'),
  (107, 36, 2, '2017-10-16 13:49:33', '2017-11-03 07:43:13', 'Dolor minima suscipit quo quia. Autem magni cumque et aliquam nemo. Aut nulla quidem fugiat commodi. Iusto omnis minima sed est.'),
  (108, 36, 5, '2017-03-29 02:43:03', '2017-10-14 07:33:00', 'Nihil sunt quod non quia consequatur quis occaecati. Temporibus officiis voluptas placeat rerum.'),
  (109, 37, 6, '2017-12-22 23:21:50', '2018-02-15 06:41:28', 'Natus esse quo rerum eum et aperiam quia eveniet. Ducimus quae ipsum suscipit in voluptatibus sed.'),
  (110, 38, 9, '2018-05-01 03:06:48', '2018-07-14 22:48:27', 'Atque amet magnam reprehenderit aut et praesentium et. Aliquid provident blanditiis expedita aliquam et neque.'),
  (111, 39, 2, '2018-01-18 08:49:04', '2018-02-16 08:06:26', 'Consequatur rerum earum sit commodi est pariatur laudantium velit aut. Aut neque provident.'),
  (112, 39, 8, '2017-06-29 18:44:48', '2018-04-01 21:11:54', 'Voluptates et ullam quidem adipisci sint. Sapiente error illum quod ipsam molestias. Et tenetur suscipit porro veritatis unde perferendis perferendis consequatur. Et quam voluptatem enim dignissimos et et cumque.'),
  (113, 39, 9, '2017-12-13 13:51:37', '2018-06-02 10:46:13', 'Ipsam iusto accusantium debitis dolorem optio unde. Exercitationem incidunt modi qui autem. Nihil est ea placeat rerum totam eos tempore et cupiditate. Ab omnis nihil. Quis adipisci nobis optio ab veniam quos aperiam repellat quasi.'),
  (114, 39, 8, '2016-12-11 15:49:20', '2017-10-20 08:22:16', 'Et dolorem tempore et ut. Enim expedita ad pariatur veniam molestiae illo laudantium molestias. Dolor alias sit harum quia autem deleniti neque distinctio.'),
  (115, 39, 4, '2017-08-24 12:21:42', '2018-06-20 11:16:04', 'Temporibus porro cum non et voluptatum. Adipisci ab voluptas.'),
  (116, 39, 7, '2017-01-15 13:21:06', '2017-10-26 06:49:45', 'Deleniti eos neque dignissimos voluptatem ipsam iusto. Expedita iste quas dolorem sed et id in. Maxime qui libero est eos nihil enim non ad incidunt.'),
  (117, 39, 10, '2018-02-01 05:36:20', '2018-06-03 05:25:56', 'Assumenda vel eos eum enim id. Quisquam facere saepe non. Temporibus suscipit quod.'),
  (118, 39, 4, '2017-10-12 21:45:43', '2017-12-22 00:47:36', 'Est optio doloremque. Et sunt non officiis. Molestiae doloremque consequuntur neque sunt hic sed in eum saepe. Non id deleniti temporibus. Suscipit repellendus et accusantium eveniet voluptas iste.'),
  (119, 42, 7, '2017-12-02 20:20:21', '2018-05-08 05:45:17', 'Eum autem debitis rerum voluptatem minima laborum ut. Incidunt accusantium id ullam et omnis accusamus ipsum atque corrupti.'),
  (120, 42, 2, '2017-09-26 18:17:31', '2017-11-22 20:28:20', 'At exercitationem omnis reprehenderit dolorem illum qui ea. Nisi qui consequuntur. Dolorem et voluptas. Sed voluptatem sunt veniam sit porro iure.'),
  (121, 42, 5, '2017-04-25 21:24:49', '2017-11-20 08:06:49', 'Sed perspiciatis architecto. Laborum quaerat harum possimus velit voluptatem sunt labore minima.'),
  (122, 42, 4, '2017-07-05 06:11:00', '2018-02-04 11:55:28', 'Itaque consectetur ipsum ipsam repellat at nobis enim. Laborum quaerat et iste modi. Non molestiae quia quia rerum tempore culpa minus voluptatem eaque. Perferendis totam nihil.'),
  (123, 42, 4, '2017-12-13 12:17:46', '2018-09-16 18:02:28', 'Molestias hic architecto est ducimus dicta. Asperiores consequatur commodi eveniet vel eius rerum.'),
  (124, 44, 6, '2017-07-26 07:53:50', '2017-10-17 11:01:32', 'Sit et voluptatibus et nihil. Dolore doloribus asperiores voluptatibus.'),
  (125, 44, 7, '2017-06-29 23:12:52', '2018-06-14 07:51:19', 'Culpa dolor dolores aliquid non commodi. Quae aut enim quos voluptates possimus consequuntur eum ullam aut. Est tenetur sunt. Beatae sunt id atque. Et et saepe qui eius qui natus recusandae dolorem fugit.'),
  (126, 45, 6, '2017-12-25 14:49:33', '2018-02-24 22:30:23', 'Sunt praesentium fuga itaque ut excepturi facere deserunt quidem explicabo. Earum nisi quia necessitatibus tenetur quos ullam aspernatur. Omnis est et et.'),
  (127, 45, 8, '2017-11-19 19:24:03', '2018-04-12 03:35:44', 'Qui sunt est amet ut laborum temporibus. Maiores esse porro ut autem quia et molestiae eius facere. Aut rerum nam hic sapiente qui. Beatae voluptas ipsum velit rerum in impedit tenetur. Deleniti et quos esse officiis cupiditate ut.'),
  (128, 45, 9, '2017-07-28 18:30:38', '2018-05-04 17:49:45', 'Consectetur pariatur quam modi aut. Aperiam soluta quis. Et incidunt laborum. Quia consequatur architecto sint rem alias ipsa aperiam sapiente. Nostrum dignissimos quidem reprehenderit necessitatibus ut.'),
  (129, 45, 7, '2017-06-04 23:12:44', '2018-02-19 21:35:36', 'Alias maiores et et. Nihil quia quia debitis molestiae ut eius et eius vel. Odit est omnis id omnis nemo debitis aspernatur. Est praesentium ut cupiditate aut dolores sit totam. Odio voluptatem asperiores ad. Itaque eaque sed omnis cumque non.'),
  (130, 45, 4, '2017-10-06 07:15:31', '2018-09-17 07:10:59', 'Nostrum dicta corporis est. Et error accusantium id neque quia explicabo et.'),
  (131, 45, 3, '2018-03-20 00:22:32', '2018-07-22 03:05:50', 'Suscipit voluptatibus eaque odio reprehenderit consequatur. Voluptatem sunt voluptas architecto. Consequatur qui minus. Dolores ipsam ut delectus voluptatem. Et autem doloremque quibusdam aut. Deleniti alias veritatis in libero.'),
  (132, 45, 10, '2017-08-13 13:05:06', '2018-05-26 18:40:52', 'Non natus non nihil omnis. Et consequatur ut in mollitia sed et eligendi. Provident quisquam nobis ratione facilis ut asperiores autem laboriosam. Veritatis expedita veniam. In ratione cupiditate magni. Placeat nam velit corrupti repudiandae velit distinctio.'),
  (133, 47, 9, '2018-03-20 06:17:16', '2018-06-05 21:04:00', 'Ullam quia illum quae unde excepturi. Minus explicabo mollitia et. Fugiat ducimus et ut nobis ut aut quisquam. Aliquam sunt modi earum labore consequuntur esse et praesentium nisi. Sed beatae et cum et quis autem omnis aut. Et est nostrum in voluptas et at provident.'),
  (134, 48, 3, '2018-01-28 08:37:44', '2018-08-05 19:53:00', 'Aperiam ducimus laborum aut aut fugiat quo in. Optio recusandae sit eligendi nostrum cum laboriosam commodi numquam ad. Accusantium suscipit aliquam sunt. Voluptates dolor a maiores totam veniam.'),
  (135, 48, 9, '2017-04-24 01:14:50', '2017-11-15 11:47:15', 'Omnis doloremque sint sed impedit officia. Nihil provident et sint. Voluptas porro minus eos aut aliquam omnis dignissimos ex accusantium. Ut modi esse aut et.'),
  (136, 48, 5, '2017-08-29 05:34:26', '2018-02-05 21:52:38', 'Quam ab qui et. Dignissimos fugiat et quis est suscipit mollitia. Voluptate dolorem rerum. Eum maiores dicta quibusdam porro dolorum vero repellendus aspernatur.'),
  (137, 48, 9, '2018-06-24 05:38:35', '2018-10-08 02:30:25', 'Praesentium minima ratione. Sunt consequatur enim architecto quae aut nihil. Quia aspernatur velit quos tenetur dignissimos quam eos iusto. Et quasi tempora similique. Non et dolor qui voluptatem.'),
  (138, 48, 10, '2017-10-31 16:38:11', '2018-04-07 15:31:42', 'Et deserunt dolorem magnam nemo ut ut numquam quis earum. Qui est sint eum nobis qui sunt.'),
  (139, 48, 5, '2018-01-10 17:39:55', '2018-09-21 11:30:20', 'Ut rerum pariatur hic natus. Et corrupti dolorem ullam quis ducimus odit. Omnis laudantium dolorem vero illum quod esse sapiente voluptatibus ipsa. Nihil nesciunt soluta corporis consequatur. Sequi expedita est harum illo voluptatibus et.'),
  (140, 48, 4, '2017-04-29 06:47:32', '2018-01-15 04:25:44', 'Incidunt dicta hic autem necessitatibus distinctio voluptatibus minima. Illo quibusdam enim illum voluptatum doloremque. Maxime ad est repudiandae qui aut veniam nam. Et rerum iure quos voluptatum ut ipsa assumenda.'),
  (141, 49, 7, '2017-04-06 06:52:33', '2017-11-08 10:40:59', 'Qui magni explicabo exercitationem aperiam eos reprehenderit cum ut. Est earum ratione ea. Autem exercitationem labore qui voluptatem dicta voluptate quasi. Maiores qui rerum et quae vero exercitationem harum eos id.');
/*!40000 ALTER TABLE `topic_message` ENABLE KEYS */;

CREATE TABLE IF NOT EXISTS `user` (
  `id` int(11) NOT NULL AUTO_INCREMENT COMMENT 'ID',
  `created_at` datetime NOT NULL DEFAULT CURRENT_TIMESTAMP COMMENT 'Created at',
  `updated_at` datetime NOT NULL DEFAULT CURRENT_TIMESTAMP ON UPDATE CURRENT_TIMESTAMP COMMENT 'Updated at',
  `name` varchar(50) NOT NULL COMMENT 'Name',
  `password_hash` varchar(50) NOT NULL COMMENT 'Password hash',
  `email` varchar(50) NOT NULL COMMENT 'E-mail',
  PRIMARY KEY (`id`)
) ENGINE=InnoDB AUTO_INCREMENT=11 DEFAULT CHARSET=utf8 COMMENT='Users';

/*!40000 ALTER TABLE `user` DISABLE KEYS */;
INSERT INTO `user` (`id`, `created_at`, `updated_at`, `name`, `password_hash`, `email`) VALUES
  (1, '2017-10-01 20:10:52', '2018-02-17 07:21:43', 'Josiane.Littel72', '0bd9b9d9deb3b112d0336b098e6d708f', 'josiane.littel7227@hotmail.com'),
  (2, '2018-03-29 12:32:18', '2018-09-10 09:13:14', 'Americo_Kirlin77', '4bdafc2a69ba294d828f5a943c355261', 'americo_kirlin77_walsh@yahoo.com'),
  (3, '2017-08-24 22:17:25', '2018-01-04 13:02:03', 'Verdie_Walter', '46a0d31db19399dd3e3f2977c0fe2b17', 'verdie_walter_dietrich4@hotmail.com'),
  (4, '2017-09-22 15:31:53', '2018-09-03 22:50:06', 'Elaina.Kozey', '5f9d686f4d2260c75e1ad322fef53e78', 'elaina.kozey_kunde50@hotmail.com'),
  (5, '2017-11-25 16:53:35', '2018-04-03 05:31:07', 'Jamal64', '615968f3241751a160c4717049dacfc6', 'jamal64_armstrong11@hotmail.com'),
  (6, '2017-10-25 21:55:28', '2018-06-01 04:00:50', 'Eleanora_Gutmann38', 'a25197e003a38e50b8909f19cbf380c7', 'eleanora_gutmann38_kuvalis57@hotmail.com'),
  (7, '2017-03-02 06:13:52', '2017-10-22 16:46:27', 'Burdette58', '15e7466119de8e79f4e34b215506c8b7', 'burdette58_kihn91@gmail.com'),
  (8, '2017-08-03 16:02:48', '2017-10-17 23:33:07', 'Hans95', '2a38e807e08a0c894cd38f8f00b2d092', 'hans9521@hotmail.com'),
  (9, '2018-01-03 20:32:04', '2018-08-17 16:01:11', 'Larue50', 'c50459de4d3e7d97b8af38df57872a79', 'larue50_schiller@yahoo.com'),
  (10, '2018-05-17 02:38:09', '2018-08-10 00:08:06', 'Ozella.Marks29', 'a46ddfc35c2232020c435111c785a82e', 'ozella.marks29.herzog@hotmail.com');
/*!40000 ALTER TABLE `user` ENABLE KEYS */;

/*!40101 SET SQL_MODE=IFNULL(@OLD_SQL_MODE, '') */;
/*!40014 SET FOREIGN_KEY_CHECKS=IF(@OLD_FOREIGN_KEY_CHECKS IS NULL, 1, @OLD_FOREIGN_KEY_CHECKS) */;
/*!40101 SET CHARACTER_SET_CLIENT=@OLD_CHARACTER_SET_CLIENT */;
